Total Venta,Fecha de Emisi√≥n (Unix Timestamp),Empresa
11763,2020-09-17 16:45:10,20
8000,2020-09-21 16:45:44,20
761,2020-10-07 14:05:10,20
761,2020-10-09 19:02:54,20
1522,2020-10-09 20:07:08,20
4666,2020-10-13 02:09:14,20
3809,2020-10-13 15:52:41,10
1522,2020-10-15 12:39:12,20
2283,2020-10-15 12:54:19,20
6140,2020-10-15 13:14:25,20
52819,2020-10-19 23:43:14,20
20959,2020-10-22 14:03:04,10
762,2020-10-22 15:29:55,20
79500,2020-10-22 15:44:44,32
2963,2020-10-27 17:59:28,20
990,2020-10-28 14:16:44,20
47700,2020-10-28 15:16:38,32
3990,2020-10-28 18:40:39,20
6656,2020-10-29 17:41:06,20
20561,2020-11-09 12:13:46,10
120,2020-11-12 07:04:21,7
161230,2020-11-16 17:56:29,20
1600,2020-11-17 01:50:49,7
13682,2020-11-23 19:41:58,20
2700,2020-11-24 06:46:05,7
17900,2020-11-25 01:09:18,32
29888,2020-11-30 14:09:50,32
39800,2020-11-30 17:06:18,32
44220,2020-11-30 20:06:05,32
18900,2020-12-01 14:31:55,32
33888,2020-12-02 13:35:31,32
17009,2020-12-02 17:09:03,30
8980,2020-12-03 13:52:43,34
6580,2020-12-03 14:08:42,34
6280,2020-12-03 14:17:59,34
20819,2020-12-03 02:58:45,30
4040,2020-12-06 14:21:01,34
2880,2020-12-06 19:02:53,34
800,2020-12-07 19:04:34,20
21000,2020-12-08 23:11:59,30
38960,2020-12-09 01:59:28,30
4999,2020-12-09 04:18:46,30
13000,2020-12-09 05:28:54,30
3740,2020-12-09 19:18:15,34
41000,2020-12-09 07:15:55,30
53037,2020-12-10 18:26:21,20
1600,2020-12-10 08:50:59,7
3740,2020-12-11 13:10:29,34
24080,2020-12-11 03:31:10,30
12580,2020-12-12 03:10:13,34
20150,2020-12-12 05:02:06,30
145050,2020-12-12 17:36:39,34
23880,2020-12-14 21:34:27,34
46080,2020-12-15 00:00:11,30
20581,2020-12-15 13:05:07,10
21970,2020-12-15 15:33:30,34
102510,2020-12-16 14:13:51,34
21264,2020-12-17 03:54:56,34
800,2020-12-17 15:36:37,20
30712,2020-12-17 16:06:17,34
69700,2020-12-18 13:11:52,32
47800,2020-12-18 13:12:11,32
20670,2020-12-18 15:39:09,34
44990,2020-12-18 16:24:44,34
26250,2020-12-18 07:08:16,30
123440,2020-12-20 13:56:12,34
17100,2020-12-20 21:56:38,20
23940,2020-12-21 09:20:42,30
20290,2020-12-21 09:46:07,30
800,2020-12-22 13:03:53,20
800,2020-12-22 13:15:14,20
800,2020-12-22 18:15:06,20
13260,2020-12-22 10:38:28,30
47230,2020-12-23 00:59:02,34
15245,2020-12-23 07:44:59,30
85170,2020-12-23 22:33:08,34
100,2020-12-23 23:49:21,7
40062,2020-12-24 12:23:10,34
52230,2020-12-24 15:23:42,34
25260,2020-12-24 23:00:21,34
10770,2020-12-26 00:58:55,34
40150,2020-12-26 19:37:32,34
80470,2020-12-27 02:26:29,34
24180,2020-12-27 21:05:01,34
12980,2020-12-27 23:39:29,34
11240,2020-12-27 16:42:25,30
32857,2020-12-28 00:03:46,30
20000,2020-12-28 12:26:39,20
12590,2020-12-28 13:29:13,39
23590,2020-12-28 03:15:03,30
54380,2020-12-28 16:08:10,32
20150,2020-12-28 13:04:03,30
14000,2020-12-29 07:00:49,30
21720,2020-12-29 13:42:26,30
202230,2020-12-30 14:19:45,34
11030,2020-12-30 03:10:19,30
39762,2020-12-30 20:05:48,34
35470,2020-12-30 21:12:05,34
43530,2020-12-30 22:34:01,34
56325,2020-12-31 12:31:26,34
37800,2020-12-31 13:51:34,32
3582,2020-12-31 14:25:19,20
36775,2021-01-04 22:25:48,34
37075,2021-01-04 23:28:46,34
72560,2021-01-05 01:09:02,34
12590,2021-01-05 18:33:17,39
20150,2021-01-05 11:42:09,30
41570,2021-01-06 11:17:08,34
22130,2021-01-09 16:13:20,40
6179,2021-01-09 18:37:17,40
8040,2021-01-07 18:23:08,40
800,2021-01-08 11:28:50,25
6702,2021-01-08 14:19:59,25
9580,2021-01-08 17:45:46,34
30,2021-01-08 12:19:49,7
930,2021-01-09 11:58:13,7
12590,2021-01-10 20:14:31,39
19506,2021-01-11 10:57:23,40
53493,2021-01-12 14:34:51,34
94230,2021-01-12 15:30:02,34
7743,2021-01-12 17:31:59,20
23405,2021-01-12 17:40:16,20
75864,2021-01-13 14:51:44,34
90990,2021-01-13 17:00:02,34
104110,2021-01-14 20:27:23,34
18026,2021-01-15 02:06:35,30
6200,2021-01-15 02:06:56,30
39198,2021-01-15 15:46:22,39
16659,2021-01-15 19:54:50,39
117340,2021-01-15 20:27:51,34
12590,2021-01-16 18:24:06,39
49640,2021-01-16 21:05:01,34
43250,2021-01-16 21:39:46,34
73050,2021-01-16 22:00:27,34
12590,2021-01-17 19:25:36,39
24158,2021-01-17 19:45:03,40
183893,2021-01-17 21:45:48,34
13999,2021-01-18 03:20:41,39
25180,2021-01-18 15:36:28,39
37800,2021-01-18 17:15:31,32
13999,2021-01-18 21:36:37,39
12590,2021-01-19 01:34:24,39
9999,2021-01-19 14:29:37,39
16659,2021-01-19 15:11:31,39
103493,2021-01-19 15:09:09,34
30855,2021-01-19 03:25:35,30
42250,2021-01-19 17:51:10,34
52120,2021-01-20 14:19:44,34
21980,2021-01-20 15:59:27,34
12590,2021-01-20 18:32:18,39
25057,2021-01-20 19:07:31,40
105530,2021-01-20 21:13:43,34
69360,2021-01-20 23:30:06,34
25560,2021-01-21 03:56:05,34
15767,2021-01-21 13:40:40,20
23863,2021-01-21 13:46:16,20
184357,2021-01-22 00:27:19,34
19599,2021-01-22 03:46:06,39
27998,2021-01-22 17:05:59,39
69027,2021-01-22 15:02:15,40
57330,2021-01-22 18:26:52,34
56700,2021-01-22 18:41:24,32
26589,2021-01-24 00:34:04,39
67020,2021-01-24 22:06:23,34
21720,2021-01-25 00:29:48,30
24100,2021-01-25 00:30:59,30
37808,2021-01-25 16:23:26,34
27570,2021-01-26 01:36:44,34
23732,2021-01-26 17:58:31,34
58797,2021-01-27 03:43:31,39
22490,2021-01-26 23:56:37,30
35389,2021-01-27 16:23:49,34
1800,2021-01-27 20:09:56,7
83624,2021-01-27 19:57:16,34
81170,2021-01-28 15:55:32,20
19950,2021-01-28 22:14:24,34
110436,2021-01-29 17:01:48,32
39198,2021-01-29 20:04:35,39
19599,2021-01-31 05:23:58,39
12590,2021-02-01 17:34:21,39
21280,2021-02-01 18:31:38,34
9999,2021-02-01 21:50:44,39
13999,2021-02-01 21:55:54,39
53140,2021-02-01 22:10:38,34
19599,2021-02-02 04:32:28,39
25099,2021-02-02 12:30:50,20
10440,2021-02-02 20:50:06,39
35500,2021-02-02 06:33:29,30
28700,2021-02-02 06:36:07,30
31378,2021-02-02 06:36:59,30
10870,2021-02-02 06:37:41,30
12780,2021-02-02 06:38:59,30
22087,2021-02-02 06:39:28,30
15298,2021-02-02 06:39:53,30
16583,2021-02-02 06:40:20,30
40804,2021-02-02 06:40:51,30
19599,2021-02-03 18:40:40,39
140987,2021-02-03 19:15:29,34
13000,2021-02-03 19:21:13,20
12243,2021-02-03 22:59:29,25
24243,2021-02-03 20:42:14,20
19599,2021-02-04 00:41:11,39
16400,2021-02-04 11:45:39,20
15580,2021-02-04 15:05:43,39
63810,2021-02-04 16:21:55,34
22000,2021-02-04 21:01:29,25
19408,2021-02-04 21:47:57,40
19599,2021-02-05 20:10:13,39
48260,2021-02-07 22:20:17,30
23940,2021-02-07 22:20:40,30
16659,2021-02-08 17:09:21,39
41630,2021-02-08 18:28:40,34
35910,2021-02-08 19:14:48,40
15245,2021-02-08 23:11:48,30
11581,2021-02-10 00:55:45,40
20990,2021-02-09 21:57:22,30
61560,2021-02-10 16:42:44,34
13999,2021-02-10 21:26:56,39
12590,2021-02-11 05:45:01,39
20592,2021-02-10 22:30:32,30
12774,2021-02-11 17:44:12,39
21570,2021-02-11 18:23:21,34
35970,2021-02-11 20:06:14,34
63003,2021-02-11 20:07:00,34
63003,2021-02-11 20:24:09,34
13280,2021-02-11 20:37:14,34
18803,2021-02-11 20:38:56,34
23003,2021-02-11 20:43:06,34
6580,2021-02-12 03:20:10,34
21980,2021-02-12 03:35:20,34
57890,2021-02-12 03:47:45,34
55970,2021-02-12 14:12:59,34
8000,2021-02-13 23:10:47,20
13990,2021-02-13 22:15:02,40
9999,2021-02-14 18:11:52,39
49977,2021-02-14 20:03:21,39
10296,2021-02-15 02:50:54,39
16659,2021-02-15 13:26:52,39
27998,2021-02-16 17:44:32,39
19599,2021-02-17 04:40:08,39
57765,2021-02-17 02:44:34,34
10200,2021-02-17 00:01:31,30
21000,2021-02-17 00:01:48,30
56643,2021-02-17 12:44:22,34
16930,2021-02-18 00:14:22,30
119620,2021-02-18 16:25:35,34
50556,2021-02-18 17:36:56,34
16760,2021-02-18 17:56:17,34
39198,2021-02-19 14:57:11,39
29130,2021-02-19 12:52:22,34
173070,2021-02-19 19:28:17,34
73530,2021-02-19 19:29:14,34
9999,2021-02-20 13:45:35,39
13999,2021-02-20 23:20:21,39
13999,2021-02-21 22:12:17,39
20990,2021-02-21 22:17:55,30
50192,2021-02-22 12:30:57,34
70600,2021-02-22 12:31:25,34
23779,2021-02-22 12:31:42,34
67540,2021-02-22 12:32:01,34
16659,2021-02-22 16:23:42,39
43910,2021-02-22 14:20:39,40
37560,2021-02-22 20:27:36,34
88845,2021-02-25 20:21:51,34
226750,2021-02-23 14:02:30,34
13999,2021-02-23 19:04:27,39
23995,2021-02-23 06:29:06,30
160086,2021-02-24 19:23:01,34
140370,2021-02-24 19:23:19,34
13999,2021-02-25 05:02:46,39
13999,2021-02-25 21:47:35,39
13999,2021-02-25 21:57:29,39
29270,2021-02-25 22:07:40,34
90492,2021-02-26 13:30:11,34
39486,2021-02-26 14:44:51,34
1000,2021-02-26 15:22:48,20
16659,2021-02-26 20:38:16,39
169410,2021-02-28 01:24:23,34
51700,2021-02-28 13:16:51,20
72140,2021-03-01 04:06:27,40
20500,2021-03-01 01:28:45,30
22500,2021-03-01 01:29:29,30
31486,2021-03-01 01:29:57,30
37800,2021-03-01 16:23:55,32
115810,2021-03-01 17:24:56,34
16659,2021-03-02 00:55:32,39
800,2021-03-01 22:07:02,20
12900,2021-03-02 00:17:25,20
175975,2021-03-02 13:48:18,34
51072,2021-03-02 16:16:15,34
27980,2021-03-02 17:06:19,40
22490,2021-03-02 23:18:07,30
31000,2021-03-02 23:20:55,30
16659,2021-03-03 16:21:52,39
12554,2021-03-03 11:59:50,40
38750,2021-03-03 14:42:15,34
76560,2021-03-03 22:46:40,34
9999,2021-03-04 17:40:26,39
9999,2021-03-04 19:30:24,39
13999,2021-03-04 20:53:00,39
60530,2021-03-04 18:22:07,34
15580,2021-03-05 00:23:16,39
78037,2021-03-04 21:23:05,34
68540,2021-03-04 23:17:04,34
42550,2021-03-05 14:44:29,34
9780,2021-03-05 15:28:54,34
24560,2021-03-05 18:02:06,34
63430,2021-03-06 21:47:47,34
13999,2021-03-07 17:25:44,39
19599,2021-03-07 18:27:02,39
38718,2021-03-07 15:37:00,40
23280,2021-03-07 21:20:13,34
13999,2021-03-08 04:05:21,39
16400,2021-03-08 15:09:54,20
27998,2021-03-09 00:24:38,39
16659,2021-03-09 05:43:31,39
13999,2021-03-10 00:23:25,39
17628,2021-03-10 00:32:01,20
17980,2021-03-10 01:16:56,40
9999,2021-03-10 06:44:48,39
32970,2021-03-10 12:24:36,40
9999,2021-03-10 17:29:47,39
13999,2021-03-10 17:58:22,39
13999,2021-03-10 18:26:17,39
35043,2021-03-10 15:53:17,20
800,2021-03-10 16:15:04,20
13999,2021-03-11 04:19:02,39
22374,2021-03-11 00:13:04,40
12130,2021-03-11 12:45:18,10
19860,2021-03-11 13:39:44,34
13999,2021-03-12 05:22:27,39
63176,2021-03-12 10:46:47,20
39750,2021-03-12 15:22:37,34
13999,2021-03-14 03:36:38,39
13999,2021-03-14 05:48:58,39
12590,2021-03-14 13:53:16,39
13999,2021-03-14 23:26:55,39
14844,2021-03-15 04:08:58,20
101710,2021-03-15 14:17:15,34
23270,2021-03-15 14:17:33,34
2990,2021-03-15 20:13:39,26
13999,2021-03-16 15:05:00,39
30043,2021-03-16 12:05:34,20
13999,2021-03-16 15:32:59,39
133530,2021-03-16 12:33:20,34
95780,2021-03-16 12:56:33,34
17489,2021-03-16 16:45:37,39
13999,2021-03-17 02:10:03,39
22589,2021-03-17 09:10:24,39
81250,2021-03-17 12:00:22,34
12730,2021-03-17 12:00:37,34
36938,2021-03-17 04:05:48,30
14675,2021-03-17 04:07:22,30
15467,2021-03-17 22:05:08,30
1490,2021-03-18 16:10:20,40
13999,2021-03-19 15:01:02,39
79810,2021-03-19 11:04:55,40
16659,2021-03-20 06:05:03,39
13999,2021-03-20 16:07:00,39
19599,2021-03-20 18:00:48,39
12590,2021-03-21 00:16:38,39
19599,2021-03-21 04:22:02,39
375953,2021-03-21 23:39:39,20
12996,2021-03-21 22:03:00,30
13300,2021-03-21 22:03:54,30
21720,2021-03-21 22:04:26,30
167865,2021-03-22 12:17:00,34
43080,2021-03-22 12:23:04,34
21207,2021-03-22 12:23:19,34
60131,2021-03-22 12:23:36,34
28560,2021-03-22 12:23:49,34
61420,2021-03-22 12:24:01,34
60676,2021-03-22 12:24:47,34
381290,2021-03-22 12:25:00,34
36986,2021-03-22 12:28:23,34
24109,2021-03-22 03:31:19,30
9910,2021-03-22 03:40:52,30
27998,2021-03-23 05:02:06,39
58571,2021-03-23 13:07:41,34
112870,2021-03-23 13:07:54,34
44000,2021-03-23 17:35:09,25
13999,2021-03-23 17:51:37,39
23970,2021-03-23 14:42:57,40
54630,2021-03-23 21:44:41,34
18776,2021-03-23 21:54:02,30
119530,2021-03-24 12:11:30,34
13999,2021-03-24 15:22:10,39
27998,2021-03-24 16:36:26,39
39900,2021-03-24 14:26:43,20
46700,2021-03-24 17:55:46,32
111797,2021-03-24 17:58:38,20
25420,2021-03-24 06:56:24,30
59840,2021-03-24 19:32:59,34
67560,2021-03-25 02:59:59,34
145110,2021-03-25 03:02:22,34
97196,2021-03-25 03:02:35,34
55018,2021-03-25 01:07:57,40
13999,2021-03-25 06:59:44,39
10990,2021-03-25 11:43:42,40
2000,2021-03-25 14:09:31,41
800,2021-03-25 19:12:10,20
72990,2021-03-25 20:14:06,34
398258,2021-03-25 20:14:25,34
20060,2021-03-25 20:14:39,34
123070,2021-03-25 20:14:55,34
11980,2021-03-25 19:17:44,40
37350,2021-03-25 12:54:23,30
13999,2021-03-26 04:17:16,39
13999,2021-03-26 04:35:20,39
20360,2021-03-26 01:07:04,40
12443,2021-03-26 03:48:46,20
18928,2021-03-26 13:00:24,20
19599,2021-03-26 18:58:00,39
19960,2021-03-26 16:56:24,40
27930,2021-03-26 19:36:26,40
18343,2021-03-26 22:46:50,20
19599,2021-03-27 03:40:30,39
39198,2021-03-27 04:59:16,39
13999,2021-03-27 06:38:20,39
13999,2021-03-27 16:26:08,39
21633,2021-03-27 19:15:35,20
13343,2021-03-27 19:59:10,20
13999,2021-03-27 23:43:18,39
9430,2021-03-28 01:46:05,30
13190,2021-03-28 18:56:24,40
12443,2021-03-28 23:43:38,20
46260,2021-03-29 13:37:14,34
52230,2021-03-29 13:38:30,34
23570,2021-03-29 13:38:57,34
121470,2021-03-29 13:39:13,34
18060,2021-03-29 13:39:42,34
13999,2021-03-29 17:20:50,39
65220,2021-03-29 19:55:00,34
19599,2021-03-30 03:25:30,39
28257,2021-03-30 01:50:49,20
21000,2021-03-30 00:53:33,30
13999,2021-03-30 19:52:56,39
13999,2021-03-30 22:20:39,39
18480,2021-03-30 09:06:16,30
22643,2021-03-31 13:54:01,20
35150,2021-03-31 14:18:55,34
31800,2021-03-31 16:57:33,20
48050,2021-03-31 17:55:35,34
63470,2021-03-31 17:55:51,34
16770,2021-03-31 20:20:23,34
12980,2021-03-31 22:44:46,40
13028,2021-04-01 02:23:28,20
39273,2021-04-01 12:07:19,34
46743,2021-04-01 18:19:42,20
28633,2021-04-02 03:30:50,20
15580,2021-04-02 22:53:02,39
4980,2021-04-02 19:36:03,40
133530,2021-04-02 23:45:29,34
60762,2021-04-02 23:45:46,34
34560,2021-04-02 23:46:02,34
23583,2021-04-02 11:33:29,30
26179,2021-04-02 23:46:28,34
81039,2021-04-02 23:46:42,34
13999,2021-04-03 13:05:06,39
54038,2021-04-03 14:12:46,20
10000,2021-04-03 09:06:10,30
64477,2021-04-03 21:50:59,20
10487,2021-04-04 03:57:39,39
17705,2021-04-03 12:54:44,30
13940,2021-04-03 23:10:39,40
61560,2021-04-05 06:24:13,34
45570,2021-04-05 06:24:29,34
53130,2021-04-05 14:12:45,34
97530,2021-04-05 15:01:22,34
77480,2021-04-05 13:56:11,40
20960,2021-04-05 15:40:51,40
54230,2021-04-05 20:28:35,34
52310,2021-04-05 21:04:28,40
58700,2021-04-06 13:56:47,32
43230,2021-04-06 15:44:11,34
21480,2021-04-06 16:03:04,34
43930,2021-04-06 16:11:29,34
80680,2021-04-06 16:57:44,34
20655,2021-04-06 04:46:08,30
49240,2021-04-06 15:54:43,40
800,2021-04-06 18:06:51,20
256342,2021-04-06 18:52:22,34
41970,2021-04-06 20:29:28,34
21243,2021-04-06 21:23:55,20
113514,2021-04-06 22:23:48,34
51430,2021-04-07 00:33:25,34
13999,2021-04-07 04:13:24,39
33318,2021-04-07 06:50:46,39
41570,2021-04-07 05:23:44,34
18655,2021-04-06 22:21:04,30
40850,2021-04-07 14:14:07,34
43530,2021-04-07 16:06:04,34
67530,2021-04-07 16:56:06,34
13999,2021-04-07 20:25:12,39
14980,2021-04-07 16:24:38,40
39900,2021-04-07 18:53:32,20
13999,2021-04-07 23:44:18,39
86080,2021-04-07 09:54:50,30
20442,2021-04-08 01:39:04,20
19599,2021-04-08 08:10:52,39
43156,2021-04-08 16:28:48,34
14100,2021-04-08 18:32:05,16
16659,2021-04-08 22:40:32,39
65355,2021-04-08 22:32:35,20
27998,2021-04-09 07:23:47,39
16208,2021-04-09 02:00:03,30
20960,2021-04-09 15:11:51,40
2500,2021-04-09 17:37:19,20
25550,2021-04-09 17:44:24,34
13999,2021-04-10 02:08:24,39
27270,2021-04-09 23:45:18,34
22960,2021-04-09 22:43:33,40
16659,2021-04-10 03:48:37,39
16659,2021-04-10 06:23:53,39
56250,2021-04-10 05:43:26,34
198910,2021-04-10 15:23:38,34
79530,2021-04-10 17:53:46,34
13999,2021-04-10 23:15:13,39
13999,2021-04-10 23:49:03,39
31340,2021-04-10 22:59:23,34
13999,2021-04-11 04:49:56,39
13999,2021-04-11 05:18:17,39
72837,2021-04-11 02:24:50,34
21720,2021-04-10 18:40:41,30
11500,2021-04-11 01:29:01,30
20843,2021-04-11 15:09:38,20
13999,2021-04-11 19:34:27,39
13098,2021-04-11 05:23:52,30
13999,2021-04-12 01:21:59,39
13999,2021-04-12 04:53:00,39
66150,2021-04-12 00:04:29,40
24203,2021-04-12 13:34:25,34
6374,2021-04-12 13:43:49,10
119598,2021-04-12 14:53:23,20
13999,2021-04-12 18:18:36,39
68250,2021-04-12 16:09:30,34
17494,2021-04-12 08:11:48,30
28500,2021-04-12 13:17:41,30
19599,2021-04-13 06:28:36,39
59050,2021-04-13 14:32:27,34
800,2021-04-13 14:40:21,20
53550,2021-04-13 15:26:17,34
2200,2021-04-13 20:11:15,25
60287,2021-04-13 18:09:59,10
21280,2021-04-13 18:46:22,34
71130,2021-04-13 22:44:32,34
15000,2021-04-14 05:09:27,7
57630,2021-04-14 00:54:35,40
120846,2021-04-14 04:04:25,34
33250,2021-04-14 15:48:51,34
37230,2021-04-14 18:07:07,34
33318,2021-04-14 22:38:50,39
76030,2021-04-14 21:59:34,34
18560,2021-04-15 01:50:15,34
13999,2021-04-15 09:18:56,39
101970,2021-04-15 14:43:28,34
44143,2021-04-15 15:44:19,20
1400,2021-04-15 18:56:32,25
10990,2021-04-15 14:06:22,40
92910,2021-04-15 16:28:27,34
25270,2021-04-15 19:29:34,34
11646,2021-04-15 19:13:12,40
84043,2021-04-15 22:39:57,20
51730,2021-04-15 23:04:39,34
12996,2021-04-16 01:31:58,30
24837,2021-04-16 17:03:05,34
13999,2021-04-16 20:20:52,39
22620,2021-04-16 19:05:38,34
4040,2021-04-16 19:07:35,34
131490,2021-04-16 19:47:09,34
5590,2021-04-16 19:40:21,40
33980,2021-04-16 10:15:06,30
44143,2021-04-17 13:33:06,20
13999,2021-04-17 21:41:27,39
21247,2021-04-17 07:53:11,30
65995,2021-04-18 00:56:21,39
60740,2021-04-17 22:59:57,34
29342,2021-04-18 00:45:23,41
13999,2021-04-18 04:35:43,39
46143,2021-04-18 15:30:06,20
12555,2021-04-18 05:03:15,30
20000,2021-04-18 21:16:40,20
33318,2021-04-19 00:47:18,39
50200,2021-04-19 00:32:28,34
51580,2021-04-19 01:00:38,34
39000,2021-04-19 01:42:27,41
16659,2021-04-19 15:43:19,39
71850,2021-04-19 13:20:02,41
25435,2021-04-19 03:07:51,30
13999,2021-04-19 18:46:33,39
20388,2021-04-19 20:27:24,20
13000,2021-04-19 21:07:33,41
65000,2021-04-19 23:08:59,41
26000,2021-04-19 23:09:19,41
29132,2021-04-19 23:21:51,41
84283,2021-04-20 00:21:32,41
12590,2021-04-20 05:25:32,39
17589,2021-04-20 03:35:46,41
44143,2021-04-20 03:43:19,20
23362,2021-04-20 13:17:11,41
66637,2021-04-20 17:59:37,39
13999,2021-04-20 17:59:37,39
13999,2021-04-20 19:15:35,39
56655,2021-04-20 16:40:10,41
26000,2021-04-20 17:32:48,41
26812,2021-04-20 05:35:01,30
26000,2021-04-20 18:05:03,41
12210,2021-04-20 06:12:04,30
56512,2021-04-20 22:09:21,41
17143,2021-04-20 22:37:15,20
29132,2021-04-21 01:52:36,41
42342,2021-04-21 03:47:48,41
68749,2021-04-21 04:03:48,41
13000,2021-04-21 14:35:34,41
39000,2021-04-21 15:39:25,41
26000,2021-04-21 15:57:37,41
100320,2021-04-21 16:02:09,34
52910,2021-04-21 16:02:25,34
42760,2021-04-21 16:02:41,34
57500,2021-04-21 16:03:01,34
34230,2021-04-21 16:03:15,34
89860,2021-04-21 16:03:43,34
109119,2021-04-21 16:03:57,34
113750,2021-04-21 16:04:13,34
54319,2021-04-21 16:04:34,34
39000,2021-04-21 16:45:03,41
142900,2021-04-21 17:19:20,20
110670,2021-04-21 17:29:08,34
13000,2021-04-21 17:26:50,20
90731,2021-04-21 18:48:55,34
50080,2021-04-21 19:52:34,34
13999,2021-04-22 01:14:46,39
241424,2021-04-21 22:29:45,41
38369,2021-04-21 22:47:08,41
42448,2021-04-21 23:05:09,41
26000,2021-04-22 00:22:40,41
31636,2021-04-22 00:25:46,41
286550,2021-04-22 01:04:25,34
39900,2021-04-22 15:03:52,20
14019,2021-04-22 03:26:44,30
42448,2021-04-22 17:54:55,41
109357,2021-04-22 18:15:51,41
29342,2021-04-22 18:58:10,41
43155,2021-04-22 19:27:33,41
8990,2021-04-22 19:35:11,40
48399,2021-04-23 00:42:52,20
18208,2021-04-23 01:03:42,41
30155,2021-04-23 01:34:30,41
21984,2021-04-23 01:42:54,34
83120,2021-04-23 01:55:08,34
55448,2021-04-23 03:00:03,41
47540,2021-04-23 00:30:15,34
13000,2021-04-23 17:02:49,41
65900,2021-04-23 17:33:23,34
15980,2021-04-23 16:53:45,40
26000,2021-04-23 19:05:51,41
58797,2021-04-23 22:06:51,39
93825,2021-04-23 19:41:02,16
30612,2021-04-23 21:44:20,41
26000,2021-04-23 23:31:32,41
13999,2021-04-24 02:41:27,39
33318,2021-04-24 04:48:17,39
47269,2021-04-24 03:16:11,34
29043,2021-04-24 15:01:09,20
13000,2021-04-24 15:15:46,41
105250,2021-04-24 16:05:02,34
13999,2021-04-25 00:58:06,39
30155,2021-04-25 00:05:41,41
30084,2021-04-25 04:19:42,41
31968,2021-04-25 15:28:04,41
21233,2021-04-25 21:16:45,20
39000,2021-04-25 21:40:14,41
45426,2021-04-25 22:29:50,41
88731,2021-04-26 07:30:14,41
32055,2021-04-26 12:43:01,41
25244,2021-04-26 12:54:24,20
19980,2021-04-26 11:37:01,40
44061,2021-04-26 13:42:46,41
32900,2021-04-26 13:41:50,32
38628,2021-04-26 13:43:32,32
44380,2021-04-26 13:47:16,32
26000,2021-04-26 14:49:49,41
68749,2021-04-26 15:04:59,41
5043,2021-04-26 17:02:34,20
80216,2021-04-26 20:31:04,41
32159,2021-04-26 20:41:17,34
130000,2021-04-27 01:15:28,41
8300,2021-04-27 01:22:30,20
27908,2021-04-27 10:30:53,40
29900,2021-04-27 14:00:51,20
13000,2021-04-27 15:22:04,41
45396,2021-04-27 15:32:51,41
33950,2021-04-27 19:16:14,34
28000,2021-04-27 10:13:32,30
36243,2021-04-27 23:54:30,20
41560,2021-04-28 00:44:31,34
26000,2021-04-28 01:35:08,41
13296,2021-04-28 03:02:49,26
26000,2021-04-28 03:36:02,41
62996,2021-04-28 03:33:42,20
15890,2021-04-28 03:39:27,41
83207,2021-04-28 14:16:00,34
29132,2021-04-28 14:18:08,41
51643,2021-04-28 14:24:59,20
13000,2021-04-28 16:03:17,41
72976,2021-04-28 16:21:02,34
143110,2021-04-28 17:08:47,34
16342,2021-04-28 18:18:48,41
39000,2021-04-28 18:58:17,41
32760,2021-04-28 19:11:40,34
69854,2021-04-28 20:11:32,41
53850,2021-04-28 21:52:30,34
38641,2021-04-28 23:04:03,20
800,2021-04-29 00:39:57,20
30894,2021-04-29 02:52:20,41
30655,2021-04-29 16:13:13,41
130360,2021-04-29 16:32:03,34
21479,2021-04-29 04:35:41,30
26000,2021-04-29 19:09:59,41
17632,2021-04-29 19:30:24,41
87121,2021-04-29 23:38:49,16
19599,2021-04-30 04:18:08,39
26000,2021-04-30 02:39:24,41
16659,2021-04-30 06:32:07,39
31926,2021-04-30 05:37:44,41
55776,2021-04-30 13:47:31,41
83296,2021-04-30 16:51:50,39
67230,2021-04-30 14:44:32,34
13000,2021-04-30 14:49:03,41
26970,2021-04-30 13:54:17,40
43395,2021-04-30 04:27:31,30
29132,2021-04-30 16:54:50,41
22112,2021-04-30 16:58:00,41
65000,2021-04-30 17:07:51,41
31540,2021-04-30 20:25:07,34
19599,2021-05-01 01:47:46,39
68749,2021-05-01 00:29:21,41
30155,2021-05-01 01:27:03,41
106210,2021-05-01 03:34:07,34
17632,2021-05-01 19:46:20,41
40140,2021-05-01 20:50:21,34
52060,2021-05-01 21:08:57,34
16659,2021-05-02 00:53:27,39
26000,2021-05-01 22:15:36,41
14443,2021-05-02 00:52:47,20
25970,2021-05-01 23:36:39,40
29132,2021-05-02 02:15:59,41
56460,2021-05-02 04:46:46,34
69801,2021-05-02 06:18:09,41
19599,2021-05-02 17:32:34,39
16659,2021-05-02 19:18:16,39
44061,2021-05-02 16:50:27,41
26000,2021-05-02 17:15:11,41
157470,2021-05-02 17:52:06,34
28000,2021-05-02 07:16:17,30
51979,2021-05-02 19:45:29,34
36412,2021-05-02 07:53:51,30
16304,2021-05-03 00:17:59,41
48630,2021-05-03 00:46:42,34
39000,2021-05-03 01:16:09,41
55430,2021-05-03 01:45:00,34
35810,2021-05-02 13:40:33,30
30612,2021-05-03 02:16:58,41
33318,2021-05-03 05:19:58,39
80670,2021-05-03 02:33:47,34
18260,2021-05-02 15:37:20,30
32055,2021-05-03 10:23:22,41
23583,2021-05-03 03:15:16,30
19599,2021-05-03 18:57:08,39
274950,2021-05-03 16:10:38,34
50187,2021-05-03 16:38:57,20
32426,2021-05-03 17:27:15,41
26000,2021-05-03 19:28:40,41
26000,2021-05-03 19:32:07,41
10900,2021-05-03 19:38:32,20
16304,2021-05-03 19:56:40,41
26000,2021-05-03 20:48:58,41
52000,2021-05-03 20:52:52,41
26000,2021-05-03 21:08:43,41
26000,2021-05-03 21:29:15,41
104000,2021-05-03 22:44:43,41
38156,2021-05-03 23:14:43,34
26000,2021-05-04 00:01:01,41
36174,2021-05-04 00:54:01,20
106530,2021-05-04 01:07:30,34
69581,2021-05-04 02:10:55,41
38940,2021-05-04 03:04:20,40
800,2021-05-04 13:33:28,20
20643,2021-05-04 13:46:55,20
53530,2021-05-04 14:14:23,34
64371,2021-05-04 14:23:14,20
19960,2021-05-04 13:45:01,40
9980,2021-05-04 15:54:15,40
52488,2021-05-04 05:53:20,30
18580,2021-05-04 18:45:18,34
8832,2021-05-04 22:07:41,25
17890,2021-05-04 19:29:15,41
54111,2021-05-04 20:16:30,20
12590,2021-05-05 00:01:13,39
35570,2021-05-04 21:21:04,34
124250,2021-05-04 21:45:58,34
24563,2021-05-04 22:57:39,20
32800,2021-05-04 23:03:22,32
39543,2021-05-05 00:16:54,20
714870,2021-05-05 02:32:00,34
40005,2021-05-05 00:32:16,40
50220,2021-05-05 02:39:50,34
130800,2021-05-05 03:34:49,20
108820,2021-05-05 03:38:54,34
17890,2021-05-05 15:19:51,41
62087,2021-05-05 17:10:52,16
33132,2021-05-05 19:42:58,41
77530,2021-05-05 20:19:27,34
37530,2021-05-05 21:08:24,34
19512,2021-05-05 22:08:13,41
95170,2021-05-05 22:23:13,34
13999,2021-05-06 03:59:29,39
17963,2021-05-06 01:06:07,20
48448,2021-05-06 03:37:45,41
99250,2021-05-06 01:56:36,40
22760,2021-05-06 05:44:21,34
13580,2021-05-06 14:05:10,34
150850,2021-05-06 15:42:05,34
15000,2021-05-06 16:31:34,41
49084,2021-05-06 16:49:02,41
89727,2021-05-06 20:38:26,41
64155,2021-05-06 23:15:49,41
13999,2021-05-07 02:19:08,39
33132,2021-05-07 01:56:06,41
16400,2021-05-07 03:44:13,20
13999,2021-05-07 16:55:30,39
46700,2021-05-07 15:50:11,32
61250,2021-05-07 16:08:36,34
38960,2021-05-07 16:42:39,34
50400,2021-05-07 19:18:55,16
11500,2021-05-07 07:33:35,30
12543,2021-05-07 19:56:14,20
73018,2021-05-07 21:16:04,20
43230,2021-05-07 22:14:32,34
16980,2021-05-07 20:51:47,40
41280,2021-05-08 00:31:34,34
27773,2021-05-08 02:49:31,20
13999,2021-05-08 07:17:56,39
45000,2021-05-08 14:59:40,41
33132,2021-05-08 18:35:24,41
23000,2021-05-08 19:26:24,20
18960,2021-05-08 22:18:39,40
148500,2021-05-09 01:03:24,20
11788,2021-05-09 01:49:52,20
57470,2021-05-09 01:58:41,40
101916,2021-05-09 05:15:06,41
90490,2021-05-09 13:09:53,34
61230,2021-05-09 18:42:09,34
48448,2021-05-10 00:53:37,41
12543,2021-05-10 03:11:14,20
15000,2021-05-10 03:28:38,41
800,2021-05-10 14:00:28,20
16038,2021-05-10 14:45:37,26
21900,2021-05-10 15:13:22,20
13580,2021-05-10 15:30:43,34
69687,2021-05-10 18:34:21,34
65487,2021-05-10 18:59:53,16
57190,2021-05-10 21:22:23,34
33448,2021-05-10 22:38:04,41
48776,2021-05-11 01:14:14,41
16749,2021-05-10 23:38:58,30
26263,2021-05-11 14:09:06,20
46230,2021-05-11 14:46:59,34
73170,2021-05-11 15:00:59,34
19599,2021-05-11 18:38:15,39
96477,2021-05-11 17:04:35,41
2990,2021-05-11 16:29:07,40
39198,2021-05-11 22:47:21,39
13980,2021-05-11 18:18:15,40
32823,2021-05-11 20:45:01,34
44211,2021-05-12 20:12:44,34
19599,2021-05-12 03:49:51,39
15000,2021-05-12 02:12:08,41
46779,2021-05-12 02:59:12,34
56230,2021-05-12 03:10:04,34
36055,2021-05-12 03:25:16,41
63090,2021-05-12 05:50:39,34
36294,2021-05-12 15:11:34,20
800,2021-05-12 16:00:53,20
2487,2021-05-12 16:05:19,20
30000,2021-05-12 18:12:52,41
11980,2021-05-12 16:29:49,40
71730,2021-05-12 19:22:04,34
13999,2021-05-12 22:39:27,39
29550,2021-05-12 23:49:44,34
78460,2021-05-13 16:07:43,34
75200,2021-05-13 16:21:17,34
77900,2021-05-13 17:48:51,34
17050,2021-05-13 06:00:08,30
84440,2021-05-13 19:09:05,34
75418,2021-05-14 00:20:41,16
13999,2021-05-14 04:38:43,39
17890,2021-05-14 03:21:18,41
90000,2021-05-14 03:59:39,41
36930,2021-05-14 05:02:16,34
39210,2021-05-13 23:37:54,30
20279,2021-05-14 11:51:58,34
148059,2021-05-14 14:35:10,34
18035,2021-05-14 15:09:27,10
10980,2021-05-14 13:49:35,40
4550,2021-05-14 14:38:33,40
9662,2021-05-14 07:10:48,30
3990,2021-05-14 18:56:38,40
46630,2021-05-14 21:47:43,34
52640,2021-05-14 22:12:11,34
105000,2021-05-14 23:43:46,41
42487,2021-05-15 00:11:43,20
10374,2021-05-14 12:55:54,30
83120,2021-05-15 16:15:17,34
48776,2021-05-15 17:14:49,41
41980,2021-05-15 18:48:32,34
81584,2021-05-15 19:06:08,20
145470,2021-05-16 15:11:05,34
133530,2021-05-16 19:26:49,34
15000,2021-05-16 20:42:22,41
13999,2021-05-17 01:15:12,39
48448,2021-05-16 22:53:27,41
98284,2021-05-17 00:56:04,41
27890,2021-05-17 03:52:04,41
80590,2021-05-17 14:19:23,34
27998,2021-05-17 18:43:07,39
149960,2021-05-17 17:08:10,16
49580,2021-05-17 21:34:13,34
48448,2021-05-17 23:05:10,41
5043,2021-05-18 00:05:41,20
31980,2021-05-18 00:15:36,40
25970,2021-05-18 02:52:04,34
32843,2021-05-18 03:00:41,20
15000,2021-05-18 16:10:41,41
67567,2021-05-18 18:34:36,20
96674,2021-05-18 18:48:17,41
36730,2021-05-14 18:18:40,34
48448,2021-05-18 22:15:43,41
33422,2021-05-18 22:13:00,20
29760,2021-05-19 01:41:23,34
41280,2021-05-19 02:07:14,34
35863,2021-05-19 11:58:57,20
12590,2021-05-19 16:03:23,39
74408,2021-05-19 15:00:51,32
800,2021-05-19 15:42:10,20
22490,2021-05-19 04:59:15,30
6990,2021-05-19 15:56:22,40
28429,2021-05-19 05:46:41,30
15000,2021-05-19 18:15:50,41
30000,2021-05-19 18:19:22,41
2750,2021-05-19 16:42:24,40
15000,2021-05-19 19:15:32,41
15000,2021-05-19 20:03:57,41
19894,2021-05-19 20:04:08,41
12287,2021-05-19 21:09:45,20
68970,2021-05-20 01:21:40,39
15000,2021-05-20 13:41:46,41
36280,2021-05-20 13:45:31,34
383600,2021-05-20 15:12:55,34
14442,2021-05-20 15:28:06,20
10487,2021-05-20 21:22:08,39
108530,2021-05-20 18:53:10,34
20588,2021-05-20 21:21:22,20
74953,2021-05-20 22:45:35,34
87890,2021-05-21 03:33:13,34
47280,2021-05-21 22:26:45,34
30401,2021-05-21 23:34:00,20
85700,2021-05-22 02:46:11,34
13999,2021-05-22 20:10:52,39
157470,2021-05-22 17:37:31,34
47350,2021-05-22 23:03:25,20
43230,2021-05-22 23:20:06,34
12280,2021-05-23 02:09:15,34
16659,2021-05-23 21:28:28,39
88800,2021-05-23 19:04:48,20
40560,2021-05-24 01:26:38,34
45030,2021-05-24 19:57:36,34
15000,2021-05-24 20:11:29,41
17243,2021-05-24 20:13:51,20
42643,2021-05-24 20:16:03,20
33132,2021-05-24 22:11:11,41
82080,2021-05-24 23:59:50,34
15143,2021-05-25 01:02:25,20
37243,2021-05-25 02:14:31,20
17890,2021-05-25 03:12:40,41
40779,2021-05-25 03:58:16,34
19843,2021-05-25 11:20:20,20
35636,2021-05-25 13:05:49,41
15000,2021-05-25 14:49:17,41
49780,2021-05-25 14:57:50,34
63448,2021-05-25 15:45:51,41
47010,2021-05-25 20:36:57,34
247730,2021-05-25 20:44:16,34
20570,2021-05-25 22:30:56,34
3980,2021-05-25 22:56:44,40
27998,2021-05-26 05:40:43,39
26950,2021-05-26 12:45:48,34
24763,2021-05-26 13:26:59,20
63448,2021-05-26 14:19:19,41
25560,2021-05-26 16:11:02,34
39486,2021-05-26 15:19:09,40
118410,2021-05-26 19:15:16,34
41580,2021-05-26 19:19:00,34
31740,2021-05-26 20:20:21,34
800,2021-05-26 21:48:57,20
23250,2021-05-26 10:38:10,30
19155,2021-05-27 04:22:33,41
77950,2021-05-27 15:42:03,34
41843,2021-05-27 18:07:57,20
127820,2021-05-27 18:57:00,34
8250,2021-05-27 17:34:10,40
16800,2021-05-27 07:44:09,30
30900,2021-05-27 21:21:43,32
55843,2021-05-27 23:07:59,20
33132,2021-05-27 23:21:39,41
60000,2021-05-28 04:12:51,41
19998,2021-05-28 09:36:08,39
22243,2021-05-28 13:08:24,20
22275,2021-05-28 14:40:27,20
8250,2021-05-28 13:58:16,40
53402,2021-05-28 16:40:28,41
19200,2021-05-28 17:10:18,20
56580,2021-05-28 19:27:53,34
18043,2021-05-28 18:32:55,20
15143,2021-05-28 18:39:43,20
127110,2021-05-28 19:46:37,34
29950,2021-05-28 19:47:24,34
21230,2021-05-28 20:53:28,40
16659,2021-05-29 02:55:09,39
62996,2021-05-29 04:11:31,20
96353,2021-05-29 13:43:55,41
17363,2021-06-10 19:34:54,20
54410,2021-05-30 00:19:37,34
87380,2021-05-30 00:31:49,34
45930,2021-05-30 00:54:53,40
72743,2021-05-30 03:40:03,34
11443,2021-05-30 04:20:59,20
94560,2021-05-30 04:27:56,34
104120,2021-05-30 05:24:12,34
37200,2021-05-30 13:32:33,20
12960,2021-05-30 15:38:08,40
12800,2021-05-30 18:48:34,20
18804,2021-05-30 07:00:03,30
72218,2021-05-30 19:56:18,20
14960,2021-05-30 11:37:13,30
20963,2021-05-31 03:58:05,20
61948,2021-05-31 04:21:59,41
62584,2021-05-31 04:36:03,41
27000,2021-05-31 04:38:23,41
81000,2021-05-31 04:40:55,41
21441,2021-05-31 03:13:20,40
34456,2021-05-31 05:41:49,20
13500,2021-05-31 06:37:18,41
17924,2021-05-31 08:03:17,41
44276,2021-05-31 12:47:01,41
13999,2021-05-31 16:42:38,39
16200,2021-05-31 13:52:37,20
46770,2021-05-31 14:10:11,34
43948,2021-05-31 15:49:59,41
6600,2021-05-31 16:23:46,20
229500,2021-05-31 16:34:06,41
44249,2021-05-31 16:44:18,41
30132,2021-05-31 16:51:12,41
146486,2021-05-31 17:06:52,41
64500,2021-05-31 17:21:28,34
8700,2021-05-31 18:10:01,20
32500,2021-05-31 18:40:54,20
8900,2021-05-31 19:06:09,20
54000,2021-05-31 19:35:23,41
23100,2021-05-31 19:40:01,20
12443,2021-05-31 19:59:50,20
30132,2021-05-31 20:32:25,41
81090,2021-05-31 20:56:24,34
49040,2021-05-31 21:11:11,34
101000,2021-05-31 21:40:13,41
24537,2021-05-31 09:37:58,30
57643,2021-05-31 21:54:00,20
19599,2021-06-01 01:37:21,39
31894,2021-05-31 23:21:50,41
24532,2021-06-01 00:05:34,20
60854,2021-06-01 00:11:56,41
40500,2021-06-01 00:20:57,41
30132,2021-06-01 01:07:28,41
68151,2021-06-01 02:33:52,41
21732,2021-06-01 03:40:53,34
24483,2021-06-01 03:36:51,20
48610,2021-06-01 03:48:58,34
12943,2021-06-01 13:59:22,20
52896,2021-06-01 14:08:51,41
39612,2021-06-01 14:11:29,41
61650,2021-06-01 14:44:20,34
89510,2021-06-01 14:44:41,34
13843,2021-06-01 15:29:53,20
16659,2021-06-01 18:41:52,39
30132,2021-06-01 16:47:33,41
6390,2021-06-01 15:07:20,40
74440,2021-06-01 17:21:37,34
30132,2021-06-01 17:34:36,41
33426,2021-06-01 17:36:25,41
28798,2021-06-01 17:33:46,20
16659,2021-06-01 21:22:16,39
39160,2021-06-01 19:39:37,34
137530,2021-06-01 19:39:37,34
39152,2021-06-01 18:25:16,40
43948,2021-06-01 20:33:10,41
28370,2021-06-01 20:34:40,34
50173,2021-06-01 22:37:19,16
32157,2021-06-01 22:47:53,20
19923,2021-06-01 22:51:16,20
43230,2021-06-01 23:08:56,34
23201,2021-06-01 23:29:30,34
77870,2021-06-01 23:54:16,34
21970,2021-06-01 21:54:02,40
16390,2021-06-02 00:50:02,41
37372,2021-06-02 01:03:48,34
47130,2021-06-02 01:13:45,34
53510,2021-06-02 01:14:42,34
133530,2021-06-02 01:31:44,34
108000,2021-06-02 01:48:59,41
42660,2021-06-02 01:53:30,34
44584,2021-06-02 01:53:37,41
135330,2021-06-02 02:08:11,34
27000,2021-06-02 02:45:08,41
57448,2021-06-02 03:03:52,41
31898,2021-06-02 03:18:20,41
100500,2021-06-02 03:28:50,34
24180,2021-06-02 04:58:16,34
51000,2021-06-02 05:01:26,34
90380,2021-06-02 05:50:29,34
43948,2021-06-02 12:27:36,41
135490,2021-06-02 13:06:30,34
13900,2021-06-02 13:29:38,20
8900,2021-06-02 15:01:08,20
109210,2021-06-02 15:23:05,34
82490,2021-06-02 15:40:48,34
13500,2021-06-02 16:58:17,41
9999,2021-06-02 21:35:33,39
89510,2021-06-02 18:51:46,34
40500,2021-06-02 19:01:51,41
16390,2021-06-02 19:18:10,41
140495,2021-06-02 19:16:13,20
60126,2021-06-02 19:22:37,41
31013,2021-06-02 20:00:56,41
11172,2021-06-02 18:23:37,40
32583,2021-06-02 20:56:12,41
17571,2021-06-02 20:52:29,40
19243,2021-06-02 23:07:14,20
39643,2021-06-02 23:11:36,20
34560,2021-06-03 00:03:32,34
52530,2021-06-03 00:29:08,34
67500,2021-06-03 01:02:25,41
67530,2021-06-03 01:09:50,34
33055,2021-06-03 01:14:24,41
43948,2021-06-03 01:42:42,41
24580,2021-06-03 02:09:33,34
13999,2021-06-03 05:18:10,39
51330,2021-06-03 02:59:18,34
45370,2021-06-03 03:13:05,34
39233,2021-06-03 03:19:01,20
27000,2021-06-03 03:23:49,41
54000,2021-06-03 03:37:26,41
72000,2021-06-03 03:50:59,41
59640,2021-06-03 04:12:22,34
57448,2021-06-03 04:15:21,41
35952,2021-06-03 04:14:25,40
67082,2021-06-03 12:56:36,16
18800,2021-06-03 13:03:35,20
32980,2021-06-03 11:19:05,40
22905,2021-06-03 13:58:27,20
57448,2021-06-03 16:42:34,41
31900,2021-06-03 17:09:28,32
18143,2021-06-03 18:09:16,20
30354,2021-06-03 18:53:01,16
90918,2021-06-03 20:05:34,34
71249,2021-06-03 20:22:42,41
28643,2021-06-03 20:25:32,20
25963,2021-06-03 21:57:40,20
30448,2021-06-03 22:03:29,41
112528,2021-06-03 22:25:01,41
5043,2021-06-04 01:43:40,20
45155,2021-06-04 02:44:20,41
71249,2021-06-04 03:08:01,41
59673,2021-06-04 04:32:27,20
27000,2021-06-04 05:09:23,41
19599,2021-06-04 11:43:35,39
8900,2021-06-04 13:37:43,20
8900,2021-06-04 14:13:39,20
17800,2021-06-04 15:30:16,20
44276,2021-06-04 15:45:00,41
18270,2021-06-04 15:45:56,34
56328,2021-06-04 16:29:42,16
25722,2021-06-01 03:22:09,34
16659,2021-06-04 20:26:33,39
12433,2021-06-04 17:58:26,20
22043,2021-06-04 17:58:29,20
71200,2021-06-04 19:38:15,41
13500,2021-06-04 21:23:02,41
54000,2021-06-05 00:40:14,41
16659,2021-06-05 05:24:21,39
22490,2021-06-04 15:10:43,30
9999,2021-06-05 15:30:35,39
17513,2021-06-05 17:29:52,41
23500,2021-06-05 17:30:55,20
18843,2021-06-05 20:53:30,20
16842,2021-06-05 22:23:27,41
57885,2021-06-06 03:54:32,20
16133,2021-06-06 04:15:33,20
36099,2021-06-06 13:18:45,20
48330,2021-06-06 16:18:03,34
11744,2021-06-06 17:58:38,20
73895,2021-06-06 18:59:27,20
29495,2021-06-06 21:09:52,20
21280,2021-06-06 21:13:34,34
13999,2021-06-07 00:52:20,39
43948,2021-06-06 22:06:49,41
24950,2021-06-06 23:17:03,40
41560,2021-06-07 01:35:24,34
13999,2021-06-07 07:20:21,39
21143,2021-06-07 14:44:56,20
13843,2021-06-07 15:01:20,20
163350,2021-06-07 15:31:58,34
89820,2021-06-07 13:46:34,40
17363,2021-06-07 17:13:25,20
29980,2021-06-07 15:42:06,40
54143,2021-06-07 18:06:34,20
31132,2021-06-07 22:33:31,41
169470,2021-06-07 23:40:54,34
67082,2021-06-08 00:32:00,16
28000,2021-06-08 00:49:25,41
28828,2021-06-08 01:00:42,20
13999,2021-06-08 05:22:52,39
22170,2021-06-08 03:26:30,34
18843,2021-06-08 05:22:04,20
9999,2021-06-08 13:18:28,39
11744,2021-06-08 13:52:41,20
49610,2021-06-08 14:14:25,41
14488,2021-06-08 14:40:18,20
93470,2021-06-08 15:38:29,34
65860,2021-06-08 15:44:13,34
77430,2021-06-08 15:46:12,34
16890,2021-06-08 15:54:51,41
29992,2021-06-08 04:17:06,30
65550,2021-06-08 17:53:21,34
34027,2021-06-08 18:25:56,34
56130,2021-06-08 18:53:24,34
20900,2021-06-08 18:52:51,32
28000,2021-06-08 19:13:22,41
12443,2021-06-08 19:19:18,20
33270,2021-06-08 20:05:02,34
22143,2021-06-08 21:01:59,20
18589,2021-06-08 21:17:37,41
13999,2021-06-09 01:09:36,39
18960,2021-06-08 22:45:58,40
19732,2021-06-09 01:29:54,34
26480,2021-06-09 01:22:34,40
49260,2021-06-09 14:30:28,34
2000,2021-06-09 13:36:16,40
20160,2021-06-09 13:57:44,40
10487,2021-06-09 19:58:34,39
14119,2021-06-09 07:59:07,30
9999,2021-06-10 05:10:44,39
74556,2021-06-10 15:15:17,16
17143,2021-06-10 15:14:24,20
52040,2021-06-10 15:43:13,34
21243,2021-06-10 15:41:39,20
57940,2021-06-10 14:39:15,40
173550,2021-06-10 16:58:34,34
51850,2021-06-10 17:37:23,34
33962,2021-06-10 20:37:01,20
13900,2021-06-10 20:37:45,20
2970,2021-06-10 19:29:37,40
16890,2021-06-10 22:36:38,41
5000,2021-06-10 22:46:39,20
63540,2021-06-10 22:50:22,34
23750,2021-06-10 23:00:17,34
39198,2021-06-11 02:59:27,39
13837,2021-06-11 01:21:50,34
15000,2021-06-11 01:48:22,41
23547,2021-06-11 14:30:45,20
23887,2021-06-11 20:08:47,25
18043,2021-06-11 19:04:23,20
97400,2021-06-11 07:24:13,30
15000,2021-06-11 20:01:32,41
16133,2021-06-11 20:11:46,20
18898,2021-06-11 20:48:38,20
52530,2021-06-11 22:05:00,34
36348,2021-06-12 00:57:03,41
13999,2021-06-12 04:38:41,39
13343,2021-06-12 02:08:58,20
67082,2021-06-12 15:00:28,16
48448,2021-06-12 17:39:02,41
45167,2021-06-12 20:19:22,34
12343,2021-06-12 22:24:53,20
13999,2021-06-13 06:32:37,39
40351,2021-06-13 04:55:57,34
41843,2021-06-13 09:45:24,20
18600,2021-06-13 15:34:29,20
30501,2021-06-13 16:33:55,20
22260,2021-06-13 17:04:48,34
11000,2021-06-13 20:41:52,20
34243,2021-06-13 23:09:59,20
3990,2021-06-13 21:13:55,40
43938,2021-06-14 00:54:54,20
32940,2021-06-13 22:57:02,40
27952,2021-06-14 00:14:20,40
13999,2021-06-14 05:34:03,39
14980,2021-06-14 03:27:31,34
22443,2021-06-14 13:10:26,20
48267,2021-06-14 13:24:16,20
18960,2021-06-14 11:39:05,40
138935,2021-06-14 14:59:16,16
14980,2021-06-14 13:39:29,40
79870,2021-06-14 16:05:50,40
130099,2021-06-14 15:59:23,20
19599,2021-06-14 20:25:28,39
38000,2021-06-14 17:44:31,20
27998,2021-06-14 21:44:32,39
26800,2021-06-10 05:07:22,32
26480,2021-06-14 18:10:33,40
34920,2021-06-14 20:37:55,40
1990,2021-06-14 21:32:58,40
39752,2021-06-15 00:43:39,20
33000,2021-06-15 01:04:50,20
33000,2021-06-15 01:19:22,20
18843,2021-06-15 01:25:06,20
21888,2021-06-15 01:32:54,20
44530,2021-06-15 02:27:09,34
25143,2021-06-15 02:51:04,20
28549,2021-06-15 14:03:59,20
60000,2021-06-15 14:34:29,20
12590,2021-06-15 14:47:56,39
34140,2021-06-15 15:27:30,20
30760,2021-06-15 15:54:24,34
67690,2021-06-15 16:32:47,34
42530,2021-06-15 16:44:44,34
27800,2021-06-15 20:49:49,32
9980,2021-06-15 15:58:10,40
31096,2021-06-15 17:06:14,40
43490,2021-06-15 20:30:30,34
67263,2021-06-15 21:04:33,34
96420,2021-06-15 21:21:20,20
49230,2021-06-15 22:15:40,34
49530,2021-06-15 22:47:33,34
26194,2021-06-15 23:05:19,34
52530,2021-06-15 21:20:52,40
50787,2021-06-15 23:56:14,34
108693,2021-06-16 00:59:34,34
29250,2021-06-16 01:31:19,34
48863,2021-06-16 03:22:36,20
63260,2021-06-16 03:41:44,34
32360,2021-06-15 23:36:00,30
83970,2021-06-16 14:22:42,34
49930,2021-06-16 14:37:27,34
97530,2021-06-16 14:40:13,34
192450,2021-06-16 15:05:53,34
46810,2021-06-16 15:07:23,34
31580,2021-06-16 15:52:40,34
49530,2021-06-16 15:58:19,34
76224,2021-06-16 16:05:20,16
26580,2021-06-16 16:47:02,34
13443,2021-06-16 17:27:33,20
65940,2021-06-16 17:57:33,41
49530,2021-06-16 19:20:07,34
84022,2021-06-16 19:31:22,16
39970,2021-06-16 19:32:04,34
133680,2021-06-16 19:48:38,34
97470,2021-06-16 19:52:11,34
51440,2021-06-16 20:08:15,34
17890,2021-06-16 21:29:59,41
27998,2021-06-17 02:32:07,39
22863,2021-06-17 00:44:06,20
39198,2021-06-17 04:27:58,39
28984,2021-06-17 01:36:55,34
97170,2021-06-17 01:59:18,34
8970,2021-06-17 00:28:00,40
20984,2021-06-17 02:52:14,34
49980,2021-06-17 14:41:51,34
34155,2021-06-17 03:38:56,41
76076,2021-06-17 12:18:56,16
91310,2021-06-17 13:29:22,34
94910,2021-06-17 13:33:36,40
33930,2021-06-17 15:07:23,40
13000,2021-06-17 18:34:48,20
50465,2021-06-17 19:45:50,34
66250,2021-06-17 19:48:04,34
34363,2021-06-17 19:55:19,20
21111,2021-06-17 19:56:12,20
14700,2021-06-17 20:19:31,20
26500,2021-06-17 21:47:33,20
29848,2021-06-17 22:14:44,20
17570,2021-06-17 23:24:22,34
30401,2021-06-18 00:16:46,20
22163,2021-06-18 02:01:57,20
39902,2021-06-18 12:58:27,20
102990,2021-06-18 14:09:03,34
8624,2021-06-18 14:21:07,26
99380,2021-06-18 14:22:24,34
49530,2021-06-18 14:30:44,34
31050,2021-06-18 15:50:43,34
43350,2021-06-18 16:45:23,34
61560,2021-06-18 17:07:52,34
49530,2021-06-18 17:22:35,34
50817,2021-06-18 17:24:24,34
62830,2021-06-18 18:24:03,34
58530,2021-06-18 19:28:44,34
71920,2021-06-18 17:29:42,40
193470,2021-06-18 19:30:54,34
9900,2021-06-18 19:32:51,20
28260,2021-06-18 21:02:00,34
43134,2021-06-18 22:18:15,40
54000,2021-06-19 02:11:41,41
27998,2021-06-19 16:11:40,39
25530,2021-06-19 15:00:14,34
214110,2021-06-19 16:23:10,34
13999,2021-06-20 01:55:08,39
43900,2021-06-20 00:40:52,20
19147,2021-06-20 02:33:16,20
12938,2021-06-20 05:12:33,20
38243,2021-06-20 15:31:52,20
25560,2021-06-20 17:00:16,34
45230,2021-06-22 18:57:49,34
25243,2021-06-20 19:02:18,20
44584,2021-06-20 21:17:56,41
105510,2021-06-20 22:43:39,34
33039,2021-06-20 23:05:29,34
174860,2021-06-21 00:31:23,34
54550,2021-06-21 01:24:19,34
28488,2021-06-20 14:00:20,30
88520,2021-06-21 02:53:03,34
13500,2021-06-21 15:52:55,41
19243,2021-06-21 16:06:35,20
43843,2021-06-21 16:59:48,20
17924,2021-06-21 17:21:43,41
9999,2021-06-21 20:42:02,39
58084,2021-06-21 18:28:49,41
12590,2021-06-22 01:24:25,39
13000,2021-06-21 23:00:11,20
17243,2021-06-21 23:14:54,20
5980,2021-06-22 00:05:57,40
13500,2021-06-22 02:30:50,41
16788,2021-06-22 05:37:14,20
13443,2021-06-22 07:11:04,20
39198,2021-06-22 12:39:51,39
133410,2021-06-22 13:14:08,34
30720,2021-06-22 02:59:34,30
14043,2021-06-22 15:42:21,20
30648,2021-06-22 16:33:14,20
40500,2021-06-22 17:40:21,41
21888,2021-06-22 17:57:18,20
31260,2021-06-22 16:35:14,40
19599,2021-06-22 21:38:16,39
13500,2021-06-22 20:20:22,41
800,2021-06-22 20:31:30,20
32268,2021-06-22 20:42:55,41
23498,2021-06-22 23:48:07,20
58291,2021-06-23 00:53:02,41
22441,2021-06-23 01:39:39,20
13999,2021-06-23 06:33:50,39
30990,2021-06-23 10:27:48,40
110680,2021-06-23 10:35:35,40
37950,2021-06-23 13:57:15,34
16970,2021-06-23 12:18:59,40
53400,2021-06-23 15:29:01,20
111613,2021-06-23 16:52:37,41
103985,2021-06-23 16:54:05,41
81403,2021-06-23 17:09:42,16
19599,2021-06-23 20:28:28,39
76730,2021-06-23 20:18:35,34
16659,2021-06-23 23:27:07,39
41000,2021-06-23 20:45:03,20
14443,2021-06-23 20:58:34,20
13999,2021-06-24 01:29:25,39
55930,2021-06-23 22:38:02,34
28260,2021-06-23 22:55:33,34
42970,2021-06-24 00:23:48,34
41997,2021-06-24 06:52:17,39
12000,2021-06-24 13:25:31,20
30430,2021-06-24 15:33:47,41
67230,2021-06-24 15:41:56,34
53060,2021-06-24 15:56:57,34
24896,2021-06-24 16:07:48,20
27000,2021-06-24 16:34:14,41
49900,2021-06-24 16:39:30,20
17584,2021-06-24 16:44:47,41
231456,2021-06-24 16:49:30,34
88188,2021-06-24 16:56:33,16
155080,2021-06-24 17:26:46,34
29970,2021-06-24 19:29:48,34
13500,2021-06-24 19:30:36,41
43560,2021-06-24 23:04:40,34
13843,2021-06-25 00:29:01,20
67500,2021-06-25 00:42:24,41
21143,2021-06-25 00:41:29,20
20150,2021-06-24 13:02:28,30
13999,2021-06-25 07:22:40,39
16390,2021-06-25 04:33:28,41
30712,2021-06-25 11:15:08,34
63700,2021-06-25 14:38:36,20
11600,2021-06-25 17:43:30,25
85930,2021-06-25 16:45:56,34
156260,2021-06-25 18:18:04,34
23738,2021-06-25 18:31:46,20
800,2021-06-25 19:16:30,20
13999,2021-06-25 22:21:17,39
41030,2021-06-25 22:17:30,34
16000,2021-06-26 00:03:40,20
46500,2021-06-26 00:08:42,20
144890,2021-06-26 00:16:27,34
27900,2021-06-25 13:23:51,30
15580,2021-06-26 03:31:11,34
24680,2021-06-26 05:35:48,40
12960,2021-06-26 12:24:49,40
67050,2021-06-26 15:08:03,34
17243,2021-06-26 15:08:39,20
42541,2021-06-26 18:41:45,41
40085,2021-06-26 18:44:19,20
55690,2021-06-26 20:26:43,34
153340,2021-06-26 22:41:36,34
19243,2021-06-26 23:03:55,20
30724,2021-06-27 01:15:48,20
22970,2021-06-27 00:43:35,40
59887,2021-06-27 13:22:34,20
40085,2021-06-27 17:10:50,20
41034,2021-06-27 19:29:42,34
85530,2021-06-27 20:11:47,34
57000,2021-06-27 20:47:09,16
41434,2021-06-27 21:12:58,20
36484,2021-06-27 21:45:32,20
59940,2021-06-27 22:09:58,34
12590,2021-06-28 04:11:04,39
58480,2021-06-28 01:12:27,34
83341,2021-06-28 02:26:50,34
51700,2021-06-28 03:49:37,20
36980,2021-06-28 12:17:17,40
19599,2021-06-28 17:51:30,39
139670,2021-06-28 15:15:16,34
43440,2021-06-28 15:27:01,34
55230,2021-06-28 16:45:30,34
15580,2021-06-28 20:13:04,39
16243,2021-06-28 17:42:32,20
13843,2021-06-28 18:38:13,20
12645,2021-06-28 22:02:31,39
31084,2021-06-28 19:14:29,41
8980,2021-06-28 18:35:04,40
38000,2021-06-28 23:14:49,20
74000,2021-06-28 23:24:09,20
41632,2021-06-28 23:30:04,41
47190,2021-06-28 23:59:59,34
31084,2021-06-29 00:56:15,41
128884,2021-06-29 01:25:20,34
28770,2021-06-29 02:28:24,34
3990,2021-06-29 10:58:41,40
16390,2021-06-29 14:42:57,41
92430,2021-06-29 14:52:27,34
49560,2021-06-29 15:06:11,34
22200,2021-06-29 03:18:12,30
7960,2021-06-29 13:32:18,40
47950,2021-06-29 15:40:28,40
15000,2021-06-29 18:20:35,20
54000,2021-06-29 18:34:30,41
40700,2021-06-23 10:35:35,32
46500,2021-06-29 20:33:45,20
41632,2021-06-29 20:36:47,41
102876,2021-06-23 10:35:35,32
28160,2021-06-29 21:10:19,34
55530,2021-06-29 21:11:43,34
19692,2021-06-23 10:35:35,32
78039,2021-06-29 22:10:23,16
40500,2021-06-29 22:24:37,41
83890,2021-06-29 22:39:14,34
61560,2021-06-29 22:46:18,34
13999,2021-06-30 03:32:39,39
102340,2021-06-30 00:41:45,34
17744,2021-06-30 01:10:16,20
15805,2021-06-29 13:11:35,30
13999,2021-06-30 05:36:42,39
13999,2021-06-30 06:08:02,39
13500,2021-06-30 03:40:54,41
30500,2021-06-30 04:06:08,41
58155,2021-06-30 16:11:40,41
11143,2021-06-30 17:03:47,20
27998,2021-06-30 20:58:18,39
41570,2021-06-30 18:18:01,34
13640,2021-06-30 07:04:00,30
62899,2021-06-30 19:38:32,20
29900,2021-06-30 17:41:39,40
82900,2021-06-30 19:56:39,34
13999,2021-06-30 23:03:46,39
38974,2021-06-30 20:20:21,34
109140,2021-06-30 20:43:41,34
120395,2021-06-30 21:15:06,20
63530,2021-06-30 21:50:44,34
13999,2021-07-01 01:02:07,39
53000,2021-06-30 22:05:56,20
29970,2021-06-30 23:56:48,34
121500,2021-07-01 00:10:11,41
27998,2021-07-01 04:31:15,39
78160,2021-07-01 04:12:08,34
25138,2021-07-01 13:56:18,20
25843,2021-07-01 14:15:00,20
141640,2021-07-01 15:26:20,34
32500,2021-07-01 15:39:23,20
47440,2021-07-01 17:06:40,34
18089,2021-07-01 17:44:38,41
57950,2021-07-01 18:23:31,34
27998,2021-07-01 21:27:03,39
68370,2021-07-01 19:02:40,34
35708,2021-07-01 17:21:02,32
27890,2021-07-01 19:55:22,41
45762,2021-07-01 20:36:18,41
55928,2021-07-01 22:37:22,20
54672,2021-07-01 22:42:27,20
53230,2021-07-01 23:06:57,34
85200,2021-07-01 23:35:38,34
13999,2021-07-02 04:23:19,39
72594,2021-07-02 01:31:57,16
16363,2021-07-02 01:48:52,20
54579,2021-07-02 01:50:13,16
74671,2021-07-02 03:39:53,41
26270,2021-07-02 05:51:49,34
5800,2021-07-02 15:17:42,20
22243,2021-07-02 16:02:22,20
94500,2021-07-02 17:11:48,41
27000,2021-07-02 18:09:14,41
74000,2021-06-26 17:06:25,20
13999,2021-07-02 22:07:53,39
7970,2021-07-02 18:40:45,40
24943,2021-07-02 20:38:47,20
13999,2021-07-03 01:04:35,39
60852,2021-07-02 22:21:53,34
24897,2021-07-03 00:10:36,20
14223,2021-07-03 01:34:18,20
13788,2021-07-03 02:45:01,20
37589,2021-07-03 17:37:52,20
24600,2021-07-03 17:39:59,20
19243,2021-07-03 18:21:48,20
23950,2021-07-03 16:42:19,40
36973,2021-07-03 18:41:10,20
15153,2021-07-03 22:28:12,20
44655,2021-07-03 22:47:43,41
26399,2021-07-04 03:41:20,39
147380,2021-07-04 01:03:00,34
30062,2021-07-04 01:28:35,20
53000,2021-07-04 06:27:44,20
19343,2021-07-04 15:09:25,20
50500,2021-07-05 15:47:01,20
32400,2021-07-05 15:47:22,20
21299,2021-07-04 23:12:32,20
12443,2021-07-05 15:51:06,20
35600,2021-07-05 15:51:21,20
32342,2021-07-05 15:51:31,20
20233,2021-07-05 15:52:00,20
51151,2021-07-05 16:17:14,34
163823,2021-07-05 16:17:29,34
21148,2021-07-05 16:19:37,20
35692,2021-07-05 01:30:36,32
13999,2021-07-05 20:05:31,39
13999,2021-07-05 20:18:59,39
146410,2021-07-05 17:50:14,34
13999,2021-07-05 21:06:54,39
16659,2021-07-05 21:11:19,39
114540,2021-07-05 19:50:34,34
13999,2021-07-05 23:02:23,39
27890,2021-07-05 20:00:42,41
60000,2021-07-05 20:05:36,20
27300,2021-07-05 07:58:41,30
47580,2021-07-05 20:20:47,34
50211,2021-07-05 21:54:22,34
13999,2021-07-06 01:02:56,39
33000,2021-07-05 22:29:59,20
18538,2021-07-05 22:49:17,20
32400,2021-07-05 23:53:28,20
172160,2021-07-06 01:47:29,34
54000,2021-07-06 02:40:00,41
51100,2021-07-06 02:40:10,34
15580,2021-07-06 06:38:31,39
69530,2021-07-06 03:58:43,34
53930,2021-07-06 02:20:54,40
13999,2021-07-06 18:45:47,39
13999,2021-07-06 18:53:20,39
1080915,2021-07-06 16:03:22,34
45160,2021-07-06 16:19:30,34
47043,2021-07-06 16:44:00,20
21883,2021-07-06 17:41:55,20
11980,2021-07-06 15:49:12,40
14063,2021-07-06 17:49:48,20
31580,2021-07-06 18:19:46,34
51440,2021-07-06 19:00:40,34
27998,2021-07-06 22:08:54,39
35000,2021-07-06 06:58:15,30
55200,2021-07-06 19:16:34,34
86080,2021-07-06 19:26:27,40
80743,2021-07-06 21:38:30,20
17653,2021-07-06 22:39:13,20
62561,2021-07-06 12:28:45,30
40604,2021-07-07 01:25:12,20
22401,2021-07-07 02:18:01,20
27998,2021-07-07 15:11:51,39
64000,2021-07-07 15:15:36,20
75930,2021-07-07 16:47:17,34
57342,2021-07-07 18:18:24,41
13900,2021-07-07 18:27:48,20
66000,2021-07-07 19:00:51,20
13999,2021-07-07 22:33:04,39
83187,2021-07-07 19:38:28,34
18788,2021-07-08 00:09:02,41
67004,2021-07-08 00:33:12,20
21148,2021-07-08 01:12:34,20
45833,2021-07-08 02:04:13,20
13200,2021-07-08 04:31:10,20
13843,2021-07-08 05:42:06,20
13999,2021-07-08 15:12:51,39
162850,2021-07-08 12:36:29,40
65600,2021-07-08 15:05:36,20
16343,2021-07-08 16:02:08,20
13999,2021-07-08 20:37:19,39
139840,2021-07-08 17:03:05,40
13999,2021-07-08 22:33:02,39
12980,2021-07-08 18:34:01,40
75602,2021-07-08 19:26:39,40
65100,2021-07-08 22:53:17,34
13999,2021-07-09 02:38:06,39
23443,2021-07-08 23:35:52,20
25410,2021-07-09 01:23:53,16
30132,2021-07-09 01:49:35,41
52163,2021-07-09 02:00:28,20
27552,2021-07-08 14:42:53,30
13999,2021-07-09 06:20:32,39
78301,2021-07-09 04:09:01,20
12000,2021-07-09 14:19:32,20
15580,2021-07-09 17:45:14,39
61230,2021-07-09 15:52:21,34
16500,2021-07-09 17:06:08,20
50760,2021-07-09 15:38:33,40
13843,2021-07-09 18:42:21,20
31612,2021-07-09 21:17:42,41
13999,2021-07-10 00:31:42,39
68591,2021-07-09 20:12:55,40
27998,2021-07-10 01:33:04,39
38580,2021-07-09 22:32:22,34
82050,2021-07-09 23:07:03,34
13999,2021-07-10 02:55:46,39
50280,2021-07-10 01:05:25,16
13500,2021-07-10 06:08:45,41
66000,2021-07-10 06:21:32,20
29270,2021-07-10 08:48:47,34
18112,2021-07-10 16:15:08,41
97470,2021-07-10 16:22:25,34
54000,2021-07-10 18:08:28,41
13000,2021-07-10 18:35:39,20
22570,2021-07-10 20:55:11,34
13999,2021-07-11 00:44:42,39
16243,2021-07-10 22:28:07,20
14628,2021-07-10 23:03:57,20
9990,2021-07-10 21:43:01,40
13999,2021-07-11 15:54:32,39
32342,2021-07-11 17:03:44,20
21243,2021-07-11 20:17:15,20
17513,2021-07-11 23:52:32,41
13999,2021-07-12 03:06:57,39
46740,2021-07-12 00:24:04,34
30448,2021-07-12 00:46:21,41
21243,2021-07-12 01:38:45,20
40085,2021-07-12 02:26:48,20
40500,2021-07-12 03:14:52,41
66030,2021-07-12 03:26:30,34
31655,2021-07-12 03:39:43,41
30132,2021-07-12 04:04:40,41
19243,2021-07-12 16:06:45,20
112414,2021-07-12 16:15:00,26
37570,2021-07-12 16:57:14,34
42143,2021-07-12 20:10:52,20
10143,2021-07-12 20:27:18,20
13500,2021-07-12 20:32:16,41
17570,2021-07-12 20:59:22,34
17550,2021-07-12 21:36:14,34
58400,2021-07-12 21:41:40,20
72530,2021-07-12 22:09:53,34
10243,2021-07-12 23:40:26,20
14980,2021-07-12 22:08:41,40
118290,2021-07-13 00:09:29,34
46460,2021-07-13 00:30:17,34
40750,2021-07-13 14:56:18,34
16659,2021-07-13 18:14:16,39
47968,2021-07-13 14:55:34,40
800,2021-07-13 17:17:18,20
5043,2021-07-13 17:23:11,20
64702,2021-07-13 18:14:23,20
43220,2021-07-13 19:04:59,34
97470,2021-07-13 23:51:37,34
42530,2021-07-13 23:53:22,34
15980,2021-07-14 02:16:18,34
41000,2021-07-14 03:04:19,20
82230,2021-07-14 03:17:28,34
22970,2021-07-14 03:27:16,40
43890,2021-07-14 03:58:52,40
31250,2021-07-14 11:47:32,34
26399,2021-07-14 15:50:23,39
15280,2021-07-14 13:41:30,34
91900,2021-07-14 12:20:39,40
23950,2021-07-14 13:58:28,40
19599,2021-07-14 20:45:27,39
49530,2021-07-14 18:31:32,34
114880,2021-07-14 16:44:18,40
121470,2021-07-14 19:05:52,34
54689,2021-07-14 19:23:44,20
17202,2021-07-14 21:12:04,20
61308,2021-07-14 21:36:34,41
19599,2021-07-15 01:02:44,39
13999,2021-07-15 01:47:06,39
13999,2021-07-15 03:01:36,39
27000,2021-07-15 00:19:14,41
32583,2021-07-15 01:48:50,41
54100,2021-07-15 02:43:50,20
43560,2021-07-15 14:45:17,34
53288,2021-07-15 15:17:27,16
19970,2021-07-15 13:42:14,40
22788,2021-07-15 18:15:39,20
157570,2021-07-15 19:47:52,34
20660,2021-07-15 20:22:52,34
140690,2021-07-15 20:26:49,34
29970,2021-07-15 23:00:27,34
27270,2021-07-16 00:39:25,34
13999,2021-07-16 03:52:43,39
173050,2021-07-16 01:47:59,34
21243,2021-07-16 02:56:35,20
22569,2021-07-16 02:18:42,30
19043,2021-07-16 16:04:14,20
32866,2021-07-16 21:27:43,20
39843,2021-07-16 22:03:57,20
39838,2021-07-17 00:58:29,20
11468,2021-07-17 03:20:38,16
59550,2021-07-17 17:16:36,34
68655,2021-07-17 22:57:39,20
23998,2021-07-18 05:15:41,39
14970,2021-07-18 12:36:16,40
44802,2021-07-18 15:40:05,20
15143,2021-07-18 16:34:01,20
16400,2021-07-19 17:16:40,20
10500,2021-07-19 17:48:10,20
15990,2021-07-19 16:23:24,40
57400,2021-07-19 18:37:23,20
98332,2021-07-19 19:24:27,16
10990,2021-07-19 17:51:47,40
115810,2021-07-19 20:53:59,34
33000,2021-07-19 21:06:38,20
132000,2021-07-19 21:07:06,20
800,2021-07-19 21:14:10,20
32960,2021-07-19 19:25:17,40
69332,2021-07-19 22:43:43,16
13999,2021-07-20 04:54:13,39
65550,2021-07-20 12:28:44,34
56842,2021-07-20 14:30:59,20
15263,2021-07-20 14:35:32,20
28530,2021-07-20 15:03:17,34
5980,2021-07-20 14:05:07,40
24260,2021-07-20 16:14:41,34
16659,2021-07-20 19:21:53,39
41434,2021-07-20 16:21:28,20
135150,2021-07-20 16:43:06,34
31900,2021-07-20 03:14:29,32
101164,2021-07-19 20:14:39,32
33000,2021-07-20 20:20:41,20
27998,2021-07-20 23:53:48,39
166160,2021-07-20 22:31:54,34
31201,2021-07-20 22:46:48,34
38738,2021-07-21 01:25:10,20
46600,2021-07-21 01:08:28,40
64410,2021-07-21 03:41:20,34
38060,2021-07-21 06:56:11,34
209417,2021-07-21 08:06:47,40
21788,2021-07-21 13:45:55,20
21363,2021-07-21 15:49:18,20
13788,2021-07-21 16:46:27,20
27000,2021-07-21 18:46:57,41
113340,2021-07-21 19:49:26,34
14980,2021-07-21 17:47:45,40
31280,2021-07-22 01:07:41,34
109470,2021-07-22 01:11:20,34
23440,2021-07-21 23:21:44,40
108000,2021-07-22 02:33:59,41
17000,2021-07-22 04:50:48,20
44910,2021-07-22 03:17:06,40
58676,2021-07-22 14:09:17,34
13999,2021-07-22 17:19:55,39
107780,2021-07-22 12:25:31,40
69900,2021-07-22 13:03:10,40
10990,2021-07-22 14:39:47,40
7501,2021-07-22 17:24:12,20
223050,2021-07-22 17:44:09,34
75510,2021-07-22 18:18:01,34
41000,2021-07-22 20:23:07,20
13999,2021-07-23 00:41:25,39
31980,2021-07-22 20:16:02,40
27998,2021-07-23 02:44:34,39
13999,2021-07-23 03:07:04,39
13999,2021-07-23 03:34:46,39
13999,2021-07-23 03:38:30,39
13999,2021-07-23 04:10:57,39
27998,2021-07-23 04:11:03,39
27998,2021-07-23 04:17:39,39
27998,2021-07-23 05:10:35,39
27998,2021-07-23 05:26:12,39
13999,2021-07-23 07:49:58,39
13500,2021-07-23 13:12:46,41
78990,2021-07-23 14:18:39,34
40500,2021-07-23 14:55:17,41
800,2021-07-23 15:58:37,20
16390,2021-07-23 19:20:13,25
41997,2021-07-23 19:51:41,39
72645,2021-07-23 17:03:15,34
94618,2021-07-23 18:16:19,16
13999,2021-07-23 22:47:49,39
14600,2021-07-23 20:41:15,20
44250,2021-07-23 21:09:31,34
13999,2021-07-24 01:16:51,39
27998,2021-07-24 01:19:55,39
16659,2021-07-24 02:16:09,39
27998,2021-07-24 02:17:03,39
13999,2021-07-24 03:08:52,39
27998,2021-07-24 04:25:44,39
27998,2021-07-24 04:39:13,39
13999,2021-07-24 04:45:00,39
51980,2021-07-24 00:23:30,40
13999,2021-07-24 05:27:23,39
59730,2021-07-24 02:55:08,34
16659,2021-07-24 05:55:35,39
13999,2021-07-24 06:07:57,39
13783,2021-07-24 13:13:57,20
27998,2021-07-24 16:36:44,39
9900,2021-07-24 15:59:29,20
16659,2021-07-24 21:01:08,39
13999,2021-07-24 22:01:21,39
12980,2021-07-24 17:52:08,40
27998,2021-07-24 22:55:05,39
21888,2021-07-24 20:48:39,20
13999,2021-07-25 00:08:18,39
13999,2021-07-25 01:03:28,39
70198,2021-07-24 23:25:30,20
13999,2021-07-25 03:21:14,39
16659,2021-07-25 07:09:50,39
17598,2021-07-25 16:20:07,39
13999,2021-07-25 16:44:55,39
127520,2021-07-25 17:46:28,34
13999,2021-07-25 21:04:35,39
41997,2021-07-25 22:10:47,39
18843,2021-07-25 19:42:43,20
43416,2021-07-25 21:27:29,20
50153,2021-07-26 02:15:28,34
38363,2021-07-26 03:50:30,20
18080,2021-07-26 12:55:06,34
28549,2021-07-26 14:28:02,20
13999,2021-07-26 18:42:17,39
40085,2021-07-26 16:06:40,20
13999,2021-07-26 20:08:19,39
15463,2021-07-26 17:53:09,20
45791,2021-07-26 18:15:04,41
41997,2021-07-26 22:13:16,39
28700,2021-07-26 20:34:16,20
13999,2021-07-27 00:23:05,39
13999,2021-07-27 00:46:15,39
16659,2021-07-27 00:47:22,39
22401,2021-07-26 21:54:50,20
22401,2021-07-26 23:19:10,20
24888,2021-07-27 00:39:04,20
33637,2021-07-27 02:35:24,20
107003,2021-07-27 02:40:37,20
74000,2021-07-27 03:13:41,20
57687,2021-07-27 14:08:32,34
13980,2021-07-27 12:14:52,40
156030,2021-07-27 16:30:52,34
13500,2021-07-27 16:42:58,41
5990,2021-07-27 14:41:05,40
15280,2021-07-27 17:18:14,34
33000,2021-07-27 18:47:05,20
13999,2021-07-27 22:02:52,39
27000,2021-07-27 20:50:32,41
97953,2021-07-27 20:52:10,34
16659,2021-07-28 01:19:06,39
72240,2021-07-27 22:23:32,34
85530,2021-07-27 22:30:17,34
27570,2021-07-27 23:27:04,34
38870,2021-07-28 00:04:43,34
13999,2021-07-28 03:11:59,39
34230,2021-07-28 01:19:33,34
44802,2021-07-28 02:06:34,20
50080,2021-07-28 03:19:52,34
30960,2021-07-28 03:21:44,34
21243,2021-07-28 04:07:43,20
33250,2021-07-28 15:40:43,34
27998,2021-07-28 19:48:29,39
60283,2021-07-28 17:16:09,41
37240,2021-07-28 19:09:22,34
23880,2021-07-28 19:33:31,34
11800,2021-07-28 21:58:49,20
13999,2021-07-29 04:19:25,39
28549,2021-07-29 02:20:04,20
90954,2021-07-29 02:37:32,34
13999,2021-07-29 05:46:04,39
49230,2021-07-29 02:51:03,34
13999,2021-07-29 06:09:54,39
22057,2021-07-29 03:51:25,20
101881,2021-07-29 02:08:03,40
19243,2021-07-29 05:17:10,20
63200,2021-07-29 05:38:52,34
12590,2021-07-29 16:50:33,39
29570,2021-07-29 13:51:33,34
40220,2021-07-29 15:17:49,34
29570,2021-07-29 15:37:56,34
39980,2021-07-29 13:38:54,40
50440,2021-07-29 15:54:13,34
109530,2021-07-29 16:10:00,34
258000,2021-07-29 17:12:24,32
133530,2021-07-29 19:27:41,34
800,2021-07-29 20:51:34,20
32260,2021-07-29 21:56:58,16
45164,2021-07-29 21:57:44,16
13999,2021-07-30 01:05:22,39
65459,2021-07-29 20:31:27,40
32826,2021-07-29 22:48:59,41
22401,2021-07-30 01:05:18,20
16659,2021-07-30 15:01:23,39
13999,2021-07-30 15:58:49,39
51280,2021-07-30 13:20:58,34
43260,2021-07-30 14:15:11,34
22970,2021-07-30 15:07:45,40
13999,2021-07-30 22:35:16,39
53130,2021-07-30 19:47:47,34
2990,2021-07-30 22:37:25,40
13999,2021-07-31 03:47:23,39
27998,2021-07-31 15:24:03,39
109530,2021-07-31 13:21:46,34
112510,2021-07-31 14:22:06,34
373840,2021-07-31 15:56:36,34
19599,2021-07-31 20:46:35,39
118080,2021-07-31 20:58:09,34
19000,2021-07-31 11:06:09,30
23201,2021-08-01 01:20:05,34
27998,2021-08-01 04:29:13,39
27000,2021-08-01 03:23:13,41
31560,2021-08-01 13:41:31,34
55530,2021-08-01 16:31:05,34
49930,2021-08-01 21:57:37,34
58105,2021-08-01 23:35:15,41
49060,2021-08-02 01:47:07,34
13999,2021-08-02 06:44:05,39
66710,2021-08-02 06:29:38,34
67069,2021-08-02 12:19:46,41
13999,2021-08-02 21:13:52,39
13999,2021-08-02 23:48:52,39
20950,2021-08-02 19:04:32,40
142480,2021-08-02 21:14:36,34
40500,2021-08-02 21:14:39,41
13999,2021-08-03 00:17:49,39
46130,2021-08-02 21:59:04,34
50760,2021-08-02 22:46:40,34
27000,2021-08-02 23:29:53,41
125590,2021-08-02 23:56:02,34
60338,2021-08-03 02:51:09,16
12940,2021-08-03 01:56:06,40
61900,2021-08-03 13:43:48,40
66730,2021-08-03 17:52:54,34
43240,2021-08-03 18:09:28,34
81000,2021-08-03 18:29:05,41
9950,2021-08-03 17:02:06,40
27998,2021-08-04 01:24:16,39
13999,2021-08-04 02:01:43,39
27998,2021-08-04 02:36:28,39
23940,2021-08-03 12:15:29,30
21910,2021-08-04 03:46:20,40
55930,2021-08-04 13:32:17,34
114695,2021-08-04 12:29:56,40
24990,2021-08-04 13:30:41,40
5043,2021-08-04 20:34:49,20
800,2021-08-04 20:36:55,20
16659,2021-08-04 23:58:27,39
7980,2021-08-04 19:50:06,40
27528,2021-08-04 20:03:57,40
5043,2021-08-04 23:34:58,20
5043,2021-08-04 23:38:18,20
9950,2021-08-05 03:07:50,39
4950,2021-08-05 03:46:25,39
27000,2021-08-05 01:04:34,41
33000,2021-08-05 01:36:20,20
85930,2021-08-05 00:23:25,40
17385,2021-08-05 02:40:49,20
13999,2021-08-05 06:04:31,39
28940,2021-08-05 02:53:26,40
2970,2021-08-05 09:46:34,39
45112,2021-08-05 13:29:30,41
7450,2021-08-05 17:29:29,39
13999,2021-08-05 17:29:59,39
13999,2021-08-05 17:47:18,39
241130,2021-08-05 15:37:19,34
13999,2021-08-05 20:50:09,39
72900,2021-08-05 16:15:37,40
31920,2021-08-05 16:37:56,40
18155,2021-08-05 19:14:36,41
27998,2021-08-06 00:30:34,39
32270,2021-08-05 21:54:44,34
27000,2021-08-05 22:42:44,41
105520,2021-08-05 23:52:12,16
14823,2021-08-05 22:50:59,40
14463,2021-08-06 01:42:06,20
13999,2021-08-06 04:58:12,39
30360,2021-08-06 04:40:19,34
71280,2021-08-06 13:06:45,34
13999,2021-08-06 16:48:46,39
21570,2021-08-06 14:25:42,34
13999,2021-08-06 17:44:37,39
52230,2021-08-06 15:13:02,34
3990,2021-08-06 15:14:32,48
2970,2021-08-06 18:24:47,39
25530,2021-08-06 15:34:15,34
119530,2021-08-06 16:12:55,34
27340,2021-08-06 04:17:53,30
2970,2021-08-06 19:50:20,39
151870,2021-08-06 16:12:19,40
39920,2021-08-06 16:26:44,40
5043,2021-08-06 19:28:11,20
124113,2021-08-06 20:43:15,34
72920,2021-08-06 19:52:27,40
12969,2021-08-07 01:55:00,39
31099,2021-08-07 03:13:36,20
40500,2021-08-07 04:13:33,41
6930,2021-08-07 15:44:28,39
27998,2021-08-07 20:41:41,39
27998,2021-08-07 21:00:39,39
14474,2021-08-07 19:19:31,40
14333,2021-08-08 13:49:49,20
20744,2021-08-08 15:58:54,20
60854,2021-08-08 17:54:09,41
19243,2021-08-08 19:00:59,20
18143,2021-08-08 20:01:36,20
12980,2021-08-08 18:38:50,40
40085,2021-08-09 01:00:43,20
49080,2021-08-08 23:34:18,40
26143,2021-08-09 11:18:27,20
67440,2021-08-09 12:28:37,34
179490,2021-08-09 13:19:38,34
